<annotation><size><width>301</width><height>602</height><depth>3</depth></size><object><name>Coca-Cola</name><bndbox><xmin>112</xmin><ymin>104</ymin><xmax>152</xmax><ymax>227</ymax></bndbox></object><object><name>Coca-Cola</name><bndbox><xmin>142</xmin><ymin>105</ymin><xmax>186</xmax><ymax>227</ymax></bndbox></object><object><name>Coca-Cola</name><bndbox><xmin>183</xmin><ymin>106</ymin><xmax>225</xmax><ymax>227</ymax></bndbox></object><object><name>Coca-Cola</name><bndbox><xmin>215</xmin><ymin>105</ymin><xmax>255</xmax><ymax>225</ymax></bndbox></object><object><name>Coca-Cola</name><bndbox><xmin>255</xmin><ymin>100</ymin><xmax>297</xmax><ymax>227</ymax></bndbox></object><object><name>Coca-Cola</name><bndbox><xmin>165</xmin><ymin>248</ymin><xmax>202</xmax><ymax>315</ymax></bndbox></object><object><name>Coca-Cola</name><bndbox><xmin>199</xmin><ymin>245</ymin><xmax>231</xmax><ymax>324</ymax></bndbox></object><object><name>Coca-Cola</name><bndbox><xmin>224</xmin><ymin>243</ymin><xmax>260</xmax><ymax>314</ymax></bndbox></object><object><name>Coca-Cola</name><bndbox><xmin>270</xmin><ymin>247</ymin><xmax>297</xmax><ymax>317</ymax></bndbox></object><object><name>Coca-Cola</name><bndbox><xmin>218</xmin><ymin>385</ymin><xmax>256</xmax><ymax>458</ymax></bndbox></object><object><name>Coca-Cola</name><bndbox><xmin>216</xmin><ymin>331</ymin><xmax>245</xmax><ymax>390</ymax></bndbox></object></annotation>