<annotation><size><width>814</width><height>599</height><depth>3</depth></size><object><name>Coca-Cola</name><bndbox><xmin>44</xmin><ymin>34</ymin><xmax>246</xmax><ymax>553</ymax></bndbox></object><object><name>Coca-Cola</name><bndbox><xmin>255</xmin><ymin>37</ymin><xmax>396</xmax><ymax>568</ymax></bndbox></object><object><name>Coca-Cola</name><bndbox><xmin>416</xmin><ymin>44</ymin><xmax>556</xmax><ymax>567</ymax></bndbox></object><object><name>Coca-Cola</name><bndbox><xmin>566</xmin><ymin>45</ymin><xmax>642</xmax><ymax>186</ymax></bndbox></object><object><name>Coca-Cola</name><bndbox><xmin>564</xmin><ymin>50</ymin><xmax>763</xmax><ymax>597</ymax></bndbox></object></annotation>