<annotation><size><width>800</width><height>599</height><depth>3</depth></size><object><name>Coca-Cola</name><bndbox><xmin>396</xmin><ymin>249</ymin><xmax>425</xmax><ymax>277</ymax></bndbox></object><object><name>Coca-Cola</name><bndbox><xmin>430</xmin><ymin>252</ymin><xmax>464</xmax><ymax>276</ymax></bndbox></object><object><name>Coca-Cola</name><bndbox><xmin>467</xmin><ymin>256</ymin><xmax>498</xmax><ymax>325</ymax></bndbox></object><object><name>Coca-Cola</name><bndbox><xmin>498</xmin><ymin>254</ymin><xmax>536</xmax><ymax>365</ymax></bndbox></object><object><name>Coca-Cola</name><bndbox><xmin>530</xmin><ymin>253</ymin><xmax>576</xmax><ymax>367</ymax></bndbox></object><object><name>Coca-Cola</name><bndbox><xmin>569</xmin><ymin>253</ymin><xmax>611</xmax><ymax>369</ymax></bndbox></object><object><name>Coca-Cola</name><bndbox><xmin>611</xmin><ymin>252</ymin><xmax>651</xmax><ymax>371</ymax></bndbox></object><object><name>Coca-Cola</name><bndbox><xmin>649</xmin><ymin>256</ymin><xmax>682</xmax><ymax>373</ymax></bndbox></object><object><name>Coca-Cola</name><bndbox><xmin>158</xmin><ymin>469</ymin><xmax>192</xmax><ymax>532</ymax></bndbox></object><object><name>Coca-Cola</name><bndbox><xmin>187</xmin><ymin>470</ymin><xmax>229</xmax><ymax>531</ymax></bndbox></object><object><name>Coca-Cola</name><bndbox><xmin>-83</xmin><ymin>80</ymin><xmax>-43</xmax><ymax>142</ymax></bndbox></object><object><name>Diet Coke</name><bndbox><xmin>540</xmin><ymin>423</ymin><xmax>570</xmax><ymax>446</ymax></bndbox></object><object><name>Diet Coke</name><bndbox><xmin>573</xmin><ymin>420</ymin><xmax>612</xmax><ymax>453</ymax></bndbox></object><object><name>Diet Coke</name><bndbox><xmin>609</xmin><ymin>421</ymin><xmax>642</xmax><ymax>482</ymax></bndbox></object><object><name>Diet Coke</name><bndbox><xmin>639</xmin><ymin>423</ymin><xmax>678</xmax><ymax>486</ymax></bndbox></object><object><name>Diet Coke</name><bndbox><xmin>172</xmin><ymin>248</ymin><xmax>212</xmax><ymax>367</ymax></bndbox></object><object><name>Diet Coke</name><bndbox><xmin>208</xmin><ymin>246</ymin><xmax>249</xmax><ymax>362</ymax></bndbox></object><object><name>Diet Coke</name><bndbox><xmin>-61</xmin><ymin>-140</ymin><xmax>-24</xmax><ymax>-31</ymax></bndbox></object><object><name>Diet Coke</name><bndbox><xmin>-27</xmin><ymin>-139</ymin><xmax>14</xmax><ymax>-37</ymax></bndbox></object><object><name>Diet Coke</name><bndbox><xmin>18</xmin><ymin>-136</ymin><xmax>53</xmax><ymax>-39</ymax></bndbox></object><object><name>Diet Coke</name><bndbox><xmin>52</xmin><ymin>-143</ymin><xmax>82</xmax><ymax>-36</ymax></bndbox></object><object><name>Coke Zero</name><bndbox><xmin>259</xmin><ymin>305</ymin><xmax>372</xmax><ymax>566</ymax></bndbox></object></annotation>