<annotation><size><width>805</width><height>594</height><depth>3</depth></size><object><name>Coca-Cola</name><bndbox><xmin>10</xmin><ymin>6</ymin><xmax>215</xmax><ymax>575</ymax></bndbox></object><object><name>Coca-Cola</name><bndbox><xmin>211</xmin><ymin>9</ymin><xmax>376</xmax><ymax>551</ymax></bndbox></object><object><name>Coca-Cola</name><bndbox><xmin>377</xmin><ymin>41</ymin><xmax>503</xmax><ymax>497</ymax></bndbox></object><object><name>Coca-Cola</name><bndbox><xmin>502</xmin><ymin>59</ymin><xmax>609</xmax><ymax>475</ymax></bndbox></object><object><name>Coca-Cola</name><bndbox><xmin>604</xmin><ymin>81</ymin><xmax>695</xmax><ymax>453</ymax></bndbox></object><object><name>Coca-Cola</name><bndbox><xmin>704</xmin><ymin>99</ymin><xmax>769</xmax><ymax>441</ymax></bndbox></object></annotation>