<annotation><size><width>809</width><height>606</height><depth>3</depth></size><object><name>Coca-Cola</name><bndbox><xmin>58</xmin><ymin>13</ymin><xmax>228</xmax><ymax>555</ymax></bndbox></object><object><name>Coca-Cola</name><bndbox><xmin>237</xmin><ymin>24</ymin><xmax>423</xmax><ymax>562</ymax></bndbox></object><object><name>Diet Coke</name><bndbox><xmin>419</xmin><ymin>14</ymin><xmax>603</xmax><ymax>562</ymax></bndbox></object><object><name>Diet Coke</name><bndbox><xmin>602</xmin><ymin>11</ymin><xmax>784</xmax><ymax>566</ymax></bndbox></object></annotation>