<annotation><size><width>761</width><height>572</height><depth>3</depth></size><object><name>Coca-Cola</name><bndbox><xmin>569</xmin><ymin>10</ymin><xmax>707</xmax><ymax>472</ymax></bndbox></object><object><name>Coca-Cola</name><bndbox><xmin>488</xmin><ymin>63</ymin><xmax>595</xmax><ymax>486</ymax></bndbox></object><object><name>Coca-Cola</name><bndbox><xmin>368</xmin><ymin>98</ymin><xmax>494</xmax><ymax>490</ymax></bndbox></object><object><name>Coca-Cola</name><bndbox><xmin>286</xmin><ymin>110</ymin><xmax>388</xmax><ymax>496</ymax></bndbox></object><object><name>Coca-Cola</name><bndbox><xmin>191</xmin><ymin>134</ymin><xmax>289</xmax><ymax>507</ymax></bndbox></object></annotation>